/* staff details*/
insert into staff_details (staff_id, staff_fname, staff_lname, dob, address1, address2, town, postcode, mobile_number, landline_number, personal_emailaddress, work_emailaddress) values (1, 'Sandi', 'Vignaux', '2/6/2004', '1 Graceland Court', 'PO Box 94618', 'Szubin', '89-200', '978-546-9364', null, null, 'svignaux0@friendfeed.com');
insert into staff_details (staff_id, staff_fname, staff_lname, dob, address1, address2, town, postcode, mobile_number, landline_number, personal_emailaddress, work_emailaddress) values (2, 'Steward', 'Rowsel', '8/5/1973', '743 Elmside Terrace', 'Room 1410', 'Pankovka', '173526', '715-591-9780', null, 'srowsel1@arstechnica.com', 'srowsel1@blogspot.com');
insert into staff_details (staff_id, staff_fname, staff_lname, dob, address1, address2, town, postcode, mobile_number, landline_number, personal_emailaddress, work_emailaddress) values (3, 'Celesta', 'Vannuccini', '5/13/2001', '66 Grasskamp Trail', null, 'Esigodini', null, '162-500-0991', '499-361-4207', 'cvannuccini2@bloglovin.com', 'cvannuccini2@guardian.co.uk');
insert into staff_details (staff_id, staff_fname, staff_lname, dob, address1, address2, town, postcode, mobile_number, landline_number, personal_emailaddress, work_emailaddress) values (4, 'Ivy', 'Mayman', '10/27/1985', '463 Carioca Avenue', null, 'Puning', null, '786-998-1837', null, 'imayman3@prlog.org', 'imayman3@google.fr');
insert into staff_details (staff_id, staff_fname, staff_lname, dob, address1, address2, town, postcode, mobile_number, landline_number, personal_emailaddress, work_emailaddress) values (5, 'Shelli', 'Prinnett', '7/25/2001', '47 Bellgrove Park', 'PO Box 78008', 'Stykkishólmur', '340', '716-354-3818', null, 'sprinnett4@sfgate.com', 'sprinnett4@craigslist.org');
insert into staff_details (staff_id, staff_fname, staff_lname, dob, address1, address2, town, postcode, mobile_number, landline_number, personal_emailaddress, work_emailaddress) values (6, 'Micki', 'McCathie', '8/28/1983', '4510 Randy Place', 'Apt 968', 'Citeguh', null, '885-834-9380', '240-396-0049', 'mmccathie5@bravesites.com', 'mmccathie5@netscape.com');
insert into staff_details (staff_id, staff_fname, staff_lname, dob, address1, address2, town, postcode, mobile_number, landline_number, personal_emailaddress, work_emailaddress) values (7, 'Becca', 'Pedrol', '4/27/1982', '6432 Lawn Court', 'Suite 97', 'Kiltamagh', 'P75', '150-832-5808', null, 'bpedrol6@blogspot.com', 'bpedrol6@tripadvisor.com');
insert into staff_details (staff_id, staff_fname, staff_lname, dob, address1, address2, town, postcode, mobile_number, landline_number, personal_emailaddress, work_emailaddress) values (8, 'Forester', 'Hitzschke', '1/1/1973', '9948 Corben Pass', 'PO Box 32976', 'Benešov nad Ploučnicí', '407 22', '305-118-7951', '919-279-9754', 'fhitzschke7@dropbox.com', 'fhitzschke7@youtu.be');
insert into staff_details (staff_id, staff_fname, staff_lname, dob, address1, address2, town, postcode, mobile_number, landline_number, personal_emailaddress, work_emailaddress) values (9, 'Tom', 'Leverett', '7/28/1999', '4023 Loeprich Parkway', 'Apt 188', 'Dolna Banjica', '1238', '994-698-9238', '501-826-0158', 'tleverett8@acquirethisname.com', 'tleverett8@baidu.com');
insert into staff_details (staff_id, staff_fname, staff_lname, dob, address1, address2, town, postcode, mobile_number, landline_number, personal_emailaddress, work_emailaddress) values (10, 'Carry', 'Fabri', '7/20/2014', '635 Dryden Center', '16th Floor', 'Pende', null, '619-293-9931', null, 'cfabri9@histats.com', 'cfabri9@mit.edu');
insert into staff_details (staff_id, staff_fname, staff_lname, dob, address1, address2, town, postcode, mobile_number, landline_number, personal_emailaddress, work_emailaddress) values (11, 'Mateo', 'Maffi', '2/1/2010', '33 David Center', null, 'Tippi', null, '533-296-3881', '289-228-6838', 'mmaffia@chicagotribune.com', 'mmaffia@about.me');
insert into staff_details (staff_id, staff_fname, staff_lname, dob, address1, address2, town, postcode, mobile_number, landline_number, personal_emailaddress, work_emailaddress) values (12, 'Clint', 'Maker', '12/19/1991', '11 Thackeray Street', 'PO Box 84647', 'Bangluo', null, '275-827-9400', '576-255-8002', null, 'cmakerb@hibu.com');
insert into staff_details (staff_id, staff_fname, staff_lname, dob, address1, address2, town, postcode, mobile_number, landline_number, personal_emailaddress, work_emailaddress) values (13, 'Loren', 'McGroarty', '4/2/1974', '563 Marquette Place', null, 'Havtsal', null, '432-657-8977', null, 'lmcgroartyc@bbc.co.uk', 'lmcgroartyc@independent.co.uk');
insert into staff_details (staff_id, staff_fname, staff_lname, dob, address1, address2, town, postcode, mobile_number, landline_number, personal_emailaddress, work_emailaddress) values (14, 'Dal', 'Huegett', '1/1/1979', '85113 Swallow Avenue', null, 'Pimenta Bueno', '78984-000', '841-802-9469', '798-975-9567', 'dhuegettd@businessinsider.com', 'dhuegettd@feedburner.com');
insert into staff_details (staff_id, staff_fname, staff_lname, dob, address1, address2, town, postcode, mobile_number, landline_number, personal_emailaddress, work_emailaddress) values (15, 'Libbi', 'Linley', '10/25/1978', '7 Drewry Plaza', 'Suite 54', 'Douentza', null, '514-554-0146', '171-669-4652', null, 'llinleye@a8.net');

/*roles*/
insert into roles (role_id, role_name) values (1, 'Boat Mechanic');
insert into roles (role_id, role_name) values (2, 'Boat Technician');
insert into roles (role_id, role_name) values (3, 'Boat Electrician');
insert into roles (role_id, role_name) values (4, 'Boat Painter');
insert into roles (role_id, role_name) values (5, 'Boat Detailer');

/*customer details*/
insert into customer_details (customer_id, customer_type, business_name, customer_fname, customer_lname, dob, country, address1, address2, town, postcode, email_address, mobile_number, landline_number) values (1, 'Business', 'Bogisich, Jones and Sauer', 'Patric', 'Chalmers', '3/12/2002', 'France', '9378 Main Court', 'Apt 561', 'Roubaix', '59100', 'pchalmers0@issuu.com', '649-149-7094', null);
insert into customer_details (customer_id, customer_type, business_name, customer_fname, customer_lname, dob, country, address1, address2, town, postcode, email_address, mobile_number, landline_number) values (2, 'Business', 'Daugherty and Sons', 'Goldi', 'Tovey', '1/4/1993', 'Brazil', '3011 Magdeline Drive', 'PO Box 91647', 'Breves', '68800-000', 'gtovey1@g.co', '798-811-1088', null);
insert into customer_details (customer_id, customer_type, business_name, customer_fname, customer_lname, dob, country, address1, address2, town, postcode, email_address, mobile_number, landline_number) values (3, 'Business', 'Larson, O''Keefe and Herzog', 'Desiree', 'Dyhouse', '11/5/1990', 'Morocco', '79 Gateway Way', 'Room 1310', 'Saddina', null, 'ddyhouse2@is.gd', '786-709-2088', null);
insert into customer_details (customer_id, customer_type, business_name, customer_fname, customer_lname, dob, country, address1, address2, town, postcode, email_address, mobile_number, landline_number) values (4, 'Individual', 'Waters LLC', 'Zach', 'Dict', '8/2/1994', 'China', '614 Becker Parkway', null, 'Xibu', null, 'zdict3@hubpages.com', '147-540-7123', null);
insert into customer_details (customer_id, customer_type, business_name, customer_fname, customer_lname, dob, country, address1, address2, town, postcode, email_address, mobile_number, landline_number) values (5, 'Individual', 'Kuhlman, Wilkinson and Beatty', 'Lynnett', 'Shaefer', '11/16/1983', 'Philippines', '40 Fulton Hill', 'PO Box 85131', 'Eustaquio Lopez', '6116', 'lshaefer4@cnet.com', '108-552-0990', null);
insert into customer_details (customer_id, customer_type, business_name, customer_fname, customer_lname, dob, country, address1, address2, town, postcode, email_address, mobile_number, landline_number) values (6, 'Individual', 'Hackett Group', 'Philbert', 'Garnsworth', '8/1/2000', 'Honduras', '852 Messerschmidt Alley', null, 'Casa Quemada', null, 'pgarnsworth5@so-net.ne.jp', '488-389-8098', null);
insert into customer_details (customer_id, customer_type, business_name, customer_fname, customer_lname, dob, country, address1, address2, town, postcode, email_address, mobile_number, landline_number) values (7, 'Business', 'Marvin-Schoen', 'Benito', 'Kenny', '2/25/2005', 'Russia', '06 Melody Drive', null, 'Lakinsk', '662133', 'bkenny6@slashdot.org', '866-677-0794', null);
insert into customer_details (customer_id, customer_type, business_name, customer_fname, customer_lname, dob, country, address1, address2, town, postcode, email_address, mobile_number, landline_number) values (8, 'Business', 'Deckow-Rutherford', 'Gertrud', 'Bresner', '5/5/1998', 'Ukraine', '53 Scoville Road', 'PO Box 44319', 'Sheshory', null, 'gbresner7@cnbc.com', '364-324-5964', null);
insert into customer_details (customer_id, customer_type, business_name, customer_fname, customer_lname, dob, country, address1, address2, town, postcode, email_address, mobile_number, landline_number) values (9, 'Individual', 'Heathcote, Wolf and King', 'Perry', 'Braunle', '7/17/1971', 'Colombia', '80 5th Court', 'Room 89', 'Giraldo', '057047', 'pbraunle8@redcross.org', '420-664-6641', null);
insert into customer_details (customer_id, customer_type, business_name, customer_fname, customer_lname, dob, country, address1, address2, town, postcode, email_address, mobile_number, landline_number) values (10, 'Individual', 'Kerluke, Abernathy and Green', 'Donnie', 'Neylan', '10/23/2005', 'Sweden', '961 Prairieview Parkway', 'PO Box 16241', 'Örebro', '702 21', 'dneylan9@theguardian.com', '966-687-7661', '381-969-7684');
insert into customer_details (customer_id, customer_type, business_name, customer_fname, customer_lname, dob, country, address1, address2, town, postcode, email_address, mobile_number, landline_number) values (11, 'Individual', 'Roberts Group', 'Wolf', 'Wildash', '11/25/2004', 'Poland', '412 Westend Court', 'Apt 1516', 'Lubichowo', '83-240', 'wwildasha@bigcartel.com', '580-823-6663', null);
insert into customer_details (customer_id, customer_type, business_name, customer_fname, customer_lname, dob, country, address1, address2, town, postcode, email_address, mobile_number, landline_number) values (12, 'Business', 'Wiza, Brekke and Prohaska', 'Portie', 'Stutt', '7/23/1972', 'Indonesia', '78 Longview Pass', '5th Floor', 'Mursaba', null, 'pstuttb@tiny.cc', '306-873-0638', null);
insert into customer_details (customer_id, customer_type, business_name, customer_fname, customer_lname, dob, country, address1, address2, town, postcode, email_address, mobile_number, landline_number) values (13, 'Individual', 'Kautzer Inc', 'Pippy', 'Ferriday', '5/12/1987', 'Sweden', '0286 Riverside Parkway', null, 'Enskede', '122 44', 'pferridayc@ycombinator.com', '604-663-3756', null);
insert into customer_details (customer_id, customer_type, business_name, customer_fname, customer_lname, dob, country, address1, address2, town, postcode, email_address, mobile_number, landline_number) values (14, 'Business', 'Veum, Mraz and Williamson', 'Fabian', 'Somersett', '10/27/1989', 'Cuba', '86916 Superior Way', null, 'Santa Cruz del Norte', null, null, '481-652-0432', '651-409-1958');
insert into customer_details (customer_id, customer_type, business_name, customer_fname, customer_lname, dob, country, address1, address2, town, postcode, email_address, mobile_number, landline_number) values (15, 'Individual', 'Daugherty, Anderson and Kohler', 'Hayes', 'Vamplus', '6/21/1979', 'Serbia', '0639 Evergreen Terrace', null, 'Rača', null, null, '416-570-0419', '118-400-3803');

/*emergency contact*/
insert into emergency_contact (emergency_contact_id, customer_id, contact_fname, contact_lname, contact_mobile, contact_landline, contact_emailaddress) values (1, 7, 'Liè', 'Birkwood', '568-379-8372', '333-855-3205', 'jbirkwood0@nydailynews.com');
insert into emergency_contact (emergency_contact_id, customer_id, contact_fname, contact_lname, contact_mobile, contact_landline, contact_emailaddress) values (2, 10, 'Wá', 'Walklott', '643-587-8645', null, 'bwalklott1@domainmarket.com');
insert into emergency_contact (emergency_contact_id, customer_id, contact_fname, contact_lname, contact_mobile, contact_landline, contact_emailaddress) values (3, 12, 'Maïwenn', 'Sommer', '597-787-9824', null, null);
insert into emergency_contact (emergency_contact_id, customer_id, contact_fname, contact_lname, contact_mobile, contact_landline, contact_emailaddress) values (4, 4, 'Naéva', 'Ambrosoni', '626-539-1403', '113-925-5200', 'bambrosoni3@last.fm');
insert into emergency_contact (emergency_contact_id, customer_id, contact_fname, contact_lname, contact_mobile, contact_landline, contact_emailaddress) values (5, 3, 'Alizée', 'Flanigan', '327-704-3187', '156-582-8622', 'tflanigan4@independent.co.uk');
insert into emergency_contact (emergency_contact_id, customer_id, contact_fname, contact_lname, contact_mobile, contact_landline, contact_emailaddress) values (6, 12, 'Méthode', 'Wooton', '498-916-7657', '540-888-1905', 'swooton5@hostgator.com');
insert into emergency_contact (emergency_contact_id, customer_id, contact_fname, contact_lname, contact_mobile, contact_landline, contact_emailaddress) values (7, 5, 'Wá', 'Palk', '918-441-6258', '634-785-7774', 'kpalk6@nytimes.com');
insert into emergency_contact (emergency_contact_id, customer_id, contact_fname, contact_lname, contact_mobile, contact_landline, contact_emailaddress) values (8, 8, 'Léa', 'Eldritt', '950-323-2507', '433-489-9359', 'reldritt7@wix.com');
insert into emergency_contact (emergency_contact_id, customer_id, contact_fname, contact_lname, contact_mobile, contact_landline, contact_emailaddress) values (9, 2, 'Estée', 'Thunnercliffe', '980-812-2973', null, 'dthunnercliffe8@utexas.edu');
insert into emergency_contact (emergency_contact_id, customer_id, contact_fname, contact_lname, contact_mobile, contact_landline, contact_emailaddress) values (10, 1, 'Ophélie', 'Cinavas', '462-964-5011', null, null);
insert into emergency_contact (emergency_contact_id, customer_id, contact_fname, contact_lname, contact_mobile, contact_landline, contact_emailaddress) values (11, 14, 'Zoé', 'Swinglehurst', '544-690-8243', null, 'jswinglehursta@usatoday.com');
insert into emergency_contact (emergency_contact_id, customer_id, contact_fname, contact_lname, contact_mobile, contact_landline, contact_emailaddress) values (12, 3, 'Örjan', 'Bucky', '275-842-4074', '154-886-9599', 'sbuckyb@jigsy.com');
insert into emergency_contact (emergency_contact_id, customer_id, contact_fname, contact_lname, contact_mobile, contact_landline, contact_emailaddress) values (13, 11, 'Gaïa', 'Kinde', '120-722-5074', '285-791-2653', 'wkindec@economist.com');
insert into emergency_contact (emergency_contact_id, customer_id, contact_fname, contact_lname, contact_mobile, contact_landline, contact_emailaddress) values (14, 15, 'Sòng', 'Isacsson', '536-567-1235', '218-836-1186', null);
insert into emergency_contact (emergency_contact_id, customer_id, contact_fname, contact_lname, contact_mobile, contact_landline, contact_emailaddress) values (15, 1, 'Andrée', 'Belch', '307-450-9977', null, null);

/*boatyard details*/
insert into boatyard_details (boatyard_id, boatyard_name, country, address1, address2, postalcode_zip, indoor_storage_capacity) values (1, 'Blue Bill Park', 'Poland', '8 Orin Park', null, '05-090', 12);
insert into boatyard_details (boatyard_id, boatyard_name, country, address1, address2, postalcode_zip, indoor_storage_capacity) values (2, 'Hazelcrest', 'Ukraine', '635 Dennis Alley', null, null, 13);
insert into boatyard_details (boatyard_id, boatyard_name, country, address1, address2, postalcode_zip, indoor_storage_capacity) values (3, 'Crownhardt', 'Greece', '2290 Columbus Hill', '18th Floor', null, 13);
insert into boatyard_details (boatyard_id, boatyard_name, country, address1, address2, postalcode_zip, indoor_storage_capacity) values (4, 'Colorado', 'Sweden', '30187 Burrows Pass', '9th Floor', '542 95', 10);
insert into boatyard_details (boatyard_id, boatyard_name, country, address1, address2, postalcode_zip, indoor_storage_capacity) values (5, 'Dawn', 'Peru', '2889 Anhalt Pass', 'Suite 90', null, 10);

/*bookings*/
insert into bookings (bookings_id, customer_id, boat_id, boatyard_id, booking_type, booking_date, issue_description, booking_status) values (1, 14, 9, 3, 'Pre-booked', '11/12/2023', 'The boat experiences frequent engine stalls, disrupting smooth navigation and necessitating a thorough inspection of the engine components.', 'Completed');
insert into bookings (bookings_id, customer_id, boat_id, boatyard_id, booking_type, booking_date, issue_description, booking_status) values (2, 15, 3, 2, 'Pre-booked', '3/20/2023', 'The propeller shows signs of wear and tear, affecting the boats performance and requiring replacement or repair to ensure optimal propulsion.', 'Scheduled');
insert into bookings (bookings_id, customer_id, boat_id, boatyard_id, booking_type, booking_date, issue_description, booking_status) values (3, 12, 3, 5, 'Emergency Service', '9/7/2023', 'Water leakage is observed in the hull, indicating potential structural issues. Repair work is essential to prevent further damage and maintain buoyancy.', 'Scheduled');
insert into bookings (bookings_id, customer_id, boat_id, boatyard_id, booking_type, booking_date, issue_description, booking_status) values (4, 10, 1, 4, 'Pre-booked', '6/21/2023', 'The boats electrical system is malfunctioning, causing issues with navigation lights, instruments, or the overall power supply. An electrical diagnosis and repairs are needed.', 'On-going');
insert into bookings (bookings_id, customer_id, boat_id, boatyard_id, booking_type, booking_date, issue_description, booking_status) values (5, 10, 2, 4, 'Emergency Service', '10/18/2023', 'The boat experiences issues with the fuel system, such as clogged filters or a faulty fuel pump, leading to engine inefficiency and potential breakdowns.', 'Completed');
insert into bookings (bookings_id, customer_id, boat_id, boatyard_id, booking_type, booking_date, issue_description, booking_status) values (6, 11, 1, 3, 'Emergency Service', '5/6/2023', 'The rudder is misaligned, impacting steering and making it challenging to control the boat. Alignment adjustments and potential replacement are necessary.', 'Scheduled');
insert into bookings (bookings_id, customer_id, boat_id, boatyard_id, booking_type, booking_date, issue_description, booking_status) values (7, 3, 12, 5, 'Pre-booked', '6/24/2023', 'The bilge pump is not functioning correctly, risking water accumulation in the bilge area. Prompt repair or replacement is crucial to prevent flooding and potential damage.', 'On-going');
insert into bookings (bookings_id, customer_id, boat_id, boatyard_id, booking_type, booking_date, issue_description, booking_status) values (8, 11, 15, 1, 'Pre-booked', '6/19/2023', 'The boats fiberglass structure has developed cracks, compromising its integrity. Fiberglass repairs are essential to restore strength and prevent further damage', 'Scheduled');
insert into bookings (bookings_id, customer_id, boat_id, boatyard_id, booking_type, booking_date, issue_description, booking_status) values (9, 6, 14, 2, 'Pre-booked', '8/27/2023', 'Various metal components, such as hinges, bolts, or railings, show signs of corrosion. Replacement or anti-corrosion treatment is needed to ensure structural stability.', 'Scheduled');
insert into bookings (bookings_id, customer_id, boat_id, boatyard_id, booking_type, booking_date, issue_description, booking_status) values (10, 8, 8, 5, 'Emergency Service', '4/29/2023', 'The stern of the boat is noticeably lower in the water, suggesting a possible weight distribution issue or water accumulation. Investigation and corrective measures are required.', 'Scheduled');
insert into bookings (bookings_id, customer_id, boat_id, boatyard_id, booking_type, booking_date, issue_description, booking_status) values (11, 4, 15, 2, 'Pre-booked', '12/10/2022', 'Critical navigation equipment, such as GPS or sonar systems, is not functioning properly. Repairs or replacements are necessary to ensure safe navigation.', 'Scheduled');
insert into bookings (bookings_id, customer_id, boat_id, boatyard_id, booking_type, booking_date, issue_description, booking_status) values (12, 1, 9, 1, 'Pre-booked', '7/27/2023', 'The boat emits an unusual amount of smoke from the exhaust, indicating potential engine problems. Diagnostic testing and engine repairs are essential.', 'Completed');
insert into bookings (bookings_id, customer_id, boat_id, boatyard_id, booking_type, booking_date, issue_description, booking_status) values (13, 9, 11, 1, 'Emergency Service', '10/25/2023', 'Wires in the boats electrical system are frayed or damaged, posing a risk of short circuits or electrical failures. Rewiring and insulation replacement are needed.', 'Completed');
insert into bookings (bookings_id, customer_id, boat_id, boatyard_id, booking_type, booking_date, issue_description, booking_status) values (14, 9, 13, 1, 'Pre-booked', '3/16/2023', 'The boats steering mechanism is stiff or unresponsive, making navigation difficult. Inspection and lubrication of the steering components are required.', 'Completed');
insert into bookings (bookings_id, customer_id, boat_id, boatyard_id, booking_type, booking_date, issue_description, booking_status) values (15, 5, 8, 1, 'Pre-booked', '9/27/2023', 'The boats upholstery shows signs of water damage, affecting the aesthetic appeal and comfort. Drying, cleaning, and potential upholstery replacement are necessary.', 'On-going');


/*boats*/
insert into boats (boat_id, customer_id, boatyard_id, dock_id, boat_storage_type, boat_size_class, boat_type, boat_name, model, build_date, length overall, beam, draft, cargo_tankers_capacity) values (1, 13, 4, 6, 'Dry Slip', 'Medium', 'Commercial', 'Saudra', 417699, '5/4/1993', 184, 85, 175, 397);
insert into boats (boat_id, customer_id, boatyard_id, dock_id, boat_storage_type, boat_size_class, boat_type, boat_name, model, build_date, length overall, beam, draft, cargo_tankers_capacity) values (2, 11, 1, 9, 'Indoor', 'Medium', 'Commercial', 'Timothea', 951237, '8/20/1982', 292, 137, 479, 432);
insert into boats (boat_id, customer_id, boatyard_id, dock_id, boat_storage_type, boat_size_class, boat_type, boat_name, model, build_date, length overall, beam, draft, cargo_tankers_capacity) values (3, 15, 4, 8, 'Indoor', 'Large', 'Private', 'Connie', 336967, '9/26/1978', 377, 469, 461, 237);
insert into boats (boat_id, customer_id, boatyard_id, dock_id, boat_storage_type, boat_size_class, boat_type, boat_name, model, build_date, length overall, beam, draft, cargo_tankers_capacity) values (4, 9, 4, 4, 'Dry Slip', 'Large', 'Commercial', 'Kendra', 304266, '5/30/1945', 435, 261, 276, 496);
insert into boats (boat_id, customer_id, boatyard_id, dock_id, boat_storage_type, boat_size_class, boat_type, boat_name, model, build_date, length overall, beam, draft, cargo_tankers_capacity) values (5, 8, 1, 3, 'Wet Slip', 'Large', 'Private', 'Danika', 949416, '8/7/1952', 69, 74, 468, 93);
insert into boats (boat_id, customer_id, boatyard_id, dock_id, boat_storage_type, boat_size_class, boat_type, boat_name, model, build_date, length overall, beam, draft, cargo_tankers_capacity) values (6, 13, 2, 4, 'Indoor', 'Medium', 'Commercial', 'Chelsea', 848229, '7/31/1949', 496, 98, 384, 460);
insert into boats (boat_id, customer_id, boatyard_id, dock_id, boat_storage_type, boat_size_class, boat_type, boat_name, model, build_date, length overall, beam, draft, cargo_tankers_capacity) values (7, 12, 5, 8, 'Wet Slip', 'Medium', 'Private', 'Keriann', 172324, '10/23/1907', 488, 11, 334, 64);
insert into boats (boat_id, customer_id, boatyard_id, dock_id, boat_storage_type, boat_size_class, boat_type, boat_name, model, build_date, length overall, beam, draft, cargo_tankers_capacity) values (8, 7, 2, 4, 'Wet Slip', 'Medium', 'Commercial', 'Kattie', 959562, '7/9/1909', 400, 499, 192, 348);
insert into boats (boat_id, customer_id, boatyard_id, dock_id, boat_storage_type, boat_size_class, boat_type, boat_name, model, build_date, length overall, beam, draft, cargo_tankers_capacity) values (9, 11, 3, 11, 'Dry Slip', 'Medium', 'Commercial', 'Olwen', 258571, '12/7/1916', 300, 102, 371, 25);
insert into boats (boat_id, customer_id, boatyard_id, dock_id, boat_storage_type, boat_size_class, boat_type, boat_name, model, build_date, length overall, beam, draft, cargo_tankers_capacity) values (10, 14, 5, 14, 'Indoor', 'Large', 'Commercial', 'Sally', 982831, '11/14/1930', 399, 176, 372, 29);
insert into boats (boat_id, customer_id, boatyard_id, dock_id, boat_storage_type, boat_size_class, boat_type, boat_name, model, build_date, length overall, beam, draft, cargo_tankers_capacity) values (11, 7, 2, 12, 'Indoor', 'Medium', 'Commercial', 'Barbara', 248747, '10/7/1999', 135, 339, 274, 154);
insert into boats (boat_id, customer_id, boatyard_id, dock_id, boat_storage_type, boat_size_class, boat_type, boat_name, model, build_date, length overall, beam, draft, cargo_tankers_capacity) values (12, 14, 5, 7, 'Wet Slip', 'Small', 'Private', 'Sissie', 464049, '1/5/1978', 466, 323, 177, 118);
insert into boats (boat_id, customer_id, boatyard_id, dock_id, boat_storage_type, boat_size_class, boat_type, boat_name, model, build_date, length overall, beam, draft, cargo_tankers_capacity) values (13, 11, 2, 8, 'Indoor', 'Small', 'Private', 'Mara', 249078, '7/13/1948', 172, 121, 68, 95);
insert into boats (boat_id, customer_id, boatyard_id, dock_id, boat_storage_type, boat_size_class, boat_type, boat_name, model, build_date, length overall, beam, draft, cargo_tankers_capacity) values (14, 2, 4, 8, 'Wet Slip', 'Medium', 'Commercial', 'Aindrea', 976396, '7/2/1940', 322, 356, 178, 294);
insert into boats (boat_id, customer_id, boatyard_id, dock_id, boat_storage_type, boat_size_class, boat_type, boat_name, model, build_date, length overall, beam, draft, cargo_tankers_capacity) values (15, 12, 1, 12, 'Dry Slip', 'Small', 'Commercial', 'Beverly', 311251, '12/18/1974', 126, 293, 422, 346);

/*classes*/
insert into classes (class_id, class_name) values (1, 'Sailboat');
insert into classes (class_id, class_name) values (2, 'Motor Yacht');
insert into classes (class_id, class_name) values (3, 'Barge');
insert into classes (class_id, class_name) values (4, 'Fishing Trawler');
insert into classes (class_id, class_name) values (5, 'Military');
insert into classes (class_id, class_name) values (6, 'Catamaran');
insert into classes (class_id, class_name) values (7, 'Ferry');
insert into classes (class_id, class_name) values (8, 'Cruise Ship');
insert into classes (class_id, class_name) values (9, 'Submarine');
insert into classes (class_id, class_name) values (10, 'Sloop');

/*fuel types*/
insert into fuel_type (fuel_id, fuel_type1, fuel_type2) values (1, 'Hydrogen', 'Biofuel');
insert into fuel_type (fuel_id, fuel_type1, fuel_type2) values (2, 'Gasoline', 'Diesel');
insert into fuel_type (fuel_id, fuel_type1, fuel_type2) values (3, 'Biofuel', null);
insert into fuel_type (fuel_id, fuel_type1, fuel_type2) values (4, 'Hydrogen', null);
insert into fuel_type (fuel_id, fuel_type1, fuel_type2) values (5, 'Gasoline', null);
insert into fuel_type (fuel_id, fuel_type1, fuel_type2) values (6, 'Biofuel', null);
insert into fuel_type (fuel_id, fuel_type1, fuel_type2) values (7, 'Diesel', 'Hydrogen');
insert into fuel_type (fuel_id, fuel_type1, fuel_type2) values (8, 'Electric', null);
insert into fuel_type (fuel_id, fuel_type1, fuel_type2) values (9, 'Gasoline', null);
insert into fuel_type (fuel_id, fuel_type1, fuel_type2) values (10, 'Diesel', 'Biofuel');
insert into fuel_type (fuel_id, fuel_type1, fuel_type2) values (11, 'Biofuel', null);
insert into fuel_type (fuel_id, fuel_type1, fuel_type2) values (12, 'Diesel', 'Electric');
insert into fuel_type (fuel_id, fuel_type1, fuel_type2) values (13, 'Diesel', 'Electric');
insert into fuel_type (fuel_id, fuel_type1, fuel_type2) values (14, 'Hydrogen', 'Diesel');
insert into fuel_type (fuel_id, fuel_type1, fuel_type2) values (15, 'Hydrogen', null);